[{"GU" : "구로구", "DONG" : "신도림동", "Location" : "서울특별시 구로구 신도림동 460-26"},
{"GU" : "구로구", "DONG" : "신도림동", "Location" : "서울특별시 구로구 신도림동 390-44"},
{"GU" : "구로구", "DONG" : "구로동", "Location" : "서울특별시 구로구 구로동 585-3"},
{"GU" : "구로구", "DONG" : "구로동", "Location" : "서울특별시 구로구 구로5동 109-4"},
{"GU" : "영등포구", "DONG" : "여의도동", "Location" : "서울특별시 영등포구 여의도동 3"},
{"GU" : "영등포구", "DONG" : "여의도동", "Location" : "서울특별시 영등포구 여의도동 84-4"},
{"GU" : "영등포구", "DONG" : "당산동", "Location" : "서울특별시 영등포구 당산동6가 323-1"},
{"GU" : "영등포구", "DONG" : "당산동", "Location" : "서울특별시 영등포구 당산동4가 86-2"},
{"GU" : "동작구", "DONG" : "노량진동", "Location" : "서울특별시 동작구 노량진동 67-2"},
{"GU" : "동작구", "DONG" : "노량진동", "Location" : "서울특별시 동작구 노량진2동 302-97"},
{"GU" : "동작구", "DONG" : "사당동", "Location" : "서울특별시 동작구 사당동 144-4"},
{"GU" : "동작구", "DONG" : "사당동", "Location" : "서울특별시 동작구 사당동 산 25-33"},
{"GU" : "마포구", "DONG" : "망원동", "Location" : "서울특별시 마포구 망원1동 403-2"},
{"GU" : "마포구", "DONG" : "망원동", "Location" : "서울특별시 마포구 망원동 205-4"},
{"GU" : "마포구", "DONG" : "상암동", "Location" : "서울특별시 마포구 상암동 482"},
{"GU" : "마포구", "DONG" : "상암동", "Location" : "서울특별시 마포구 상암동 487-257"}
]
